,Origin,Fam_Income,Score,Rank,CPI,First_Salary
0,BR,1817266,50,2381,6.64,2080000
1,MH,1711319,152,597,7.37,2110000
2,MH,2670466,223,155,8.06,2660000
3,TL,2576393,176,564,7.05,2490000
4,MH,2241793,212,178,7.29,2020000
5,UK,2384692,66,1653,5.58,2300000
6,BR,2654456,68,1721,7.0,2200000
7,MH,3019608,226,110,8.45,2980000
8,RJ,1820553,88,1395,7.62,2200000
9,WB,2270321,69,2503,5.85,1940000
10,TL,2267657,140,912,7.03,2700000
11,GJ,3683618,186,345,7.15,2560000
12,GJ,2354626,128,858,7.26,2570000
13,MP,2903961,98,1469,6.88,2290000
14,MH,2704665,233,78,8.21,2590000
15,UP,2867106,88,1688,6.9,2690000
16,TL,2943877,178,611,7.07,2360000
17,TL,1773230,127,877,7.58,2030000
18,MH,2749453,226,107,8.14,2760000
19,WB,2811977,87,1907,6.34,2840000
20,TL,3158463,198,260,7.59,2970000
21,KA,2701549,112,1439,7.19,2410000
22,OD,2409506,70,1353,6.52,2410000
23,NE,2035140,58,1701,6.34,2620000
24,KA,2465531,100,1117,6.44,2560000
25,MH,3382071,233,74,8.33,3310000
26,TL,2302355,132,1017,7.57,2490000
27,MH,2867268,215,303,8.17,2920000
28,MH,2031035,149,1115,7.65,1890000
29,AP,2947524,137,918,7.06,2330000
30,GJ,1672456,93,1722,6.47,2000000
31,UP,2299150,80,2074,6.39,1760000
32,TL,2313197,142,719,6.83,1910000
33,MH,2288936,199,392,7.49,2420000
34,NE,3164114,67,2249,6.4,2440000
35,HR,2457952,118,924,6.83,2390000
36,MH,3327826,238,68,8.06,2830000
37,AP,1797878,87,1416,7.07,2300000
38,TL,2743023,156,503,7.19,2170000
39,MP,1304161,59,1640,6.12,1670000
40,TL,2669146,168,410,6.76,1880000
41,MH,1532295,121,1361,6.86,2140000
42,AP,1954037,92,1370,6.55,2110000
43,MH,2764033,193,276,8.33,2550000
44,MH,2766965,218,156,8.02,2380000
45,MH,2883091,208,216,7.26,2510000
46,MH,2682000,225,114,8.28,2590000
47,TL,2296926,160,733,7.16,2470000
48,MH,3354630,265,32,8.5,3230000
49,AP,2939581,141,1018,7.47,2380000
50,WB,3111093,84,1832,6.43,2230000
51,TL,2481132,124,1601,6.88,2710000
52,MH,2453625,165,427,7.41,2450000
53,MP,1998766,87,1433,6.7,1750000
54,MP,2565491,111,1804,7.18,2130000
55,AP,2748111,157,515,7.05,2530000
56,DL,2154912,138,793,6.43,2140000
57,TL,2075042,141,1218,6.72,2510000
58,BR,2714186,72,1569,6.53,1930000
59,HR,3237043,143,678,7.21,2400000
60,MP,2821029,102,2145,7.66,3110000
61,HR,2166394,103,3809,6.16,1980000
62,TL,1661120,109,979,6.51,1790000
63,MH,2347057,192,265,7.6,2340000
64,AP,3197982,165,703,7.07,2680000
65,TL,2142937,158,704,7.01,2050000
66,HR,2811427,101,2942,6.52,2510000
67,TL,2416597,134,1337,6.75,2010000
68,AP,2938550,154,829,7.22,2320000
69,AP,2115331,112,2459,7.01,1750000
70,TL,2435466,137,1136,6.77,2260000
71,MH,2931639,213,146,7.93,2730000
72,TL,1838924,107,1939,6.73,2290000
73,MH,3400980,220,183,6.97,2780000
74,MP,2648171,121,1164,6.59,2920000
75,TL,2264231,148,1074,7.07,2040000
76,MP,3772191,101,1220,7.35,2410000
77,MP,2846259,120,969,6.34,2510000
78,GJ,2857618,139,953,7.47,2640000
79,PB,3229756,88,1204,6.7,2480000
80,MH,3008513,248,112,8.18,2540000
81,MH,2041784,158,494,7.78,2390000
82,MH,2737622,213,148,7.91,2690000
83,MP,2964640,109,1142,7.58,2530000
84,TL,2589644,163,721,7.38,2340000
85,TN,2995629,110,1065,6.17,2360000
86,UP,3009786,105,2739,6.66,1940000
87,UP,2212124,73,2341,6.51,2070000
88,UP,2527906,83,1599,6.97,2410000
89,BR,3041326,80,3199,6.38,2290000
90,MH,2913401,225,138,7.68,2730000
91,MH,2110550,206,245,7.3,2090000
92,CG,2337397,50,1930,6.43,2620000
93,PB,2625884,64,1501,6.06,2300000
94,TL,2979315,162,837,7.31,2500000
95,MH,2302919,204,364,7.62,2120000
96,TL,3196930,187,619,7.72,2690000
97,TL,2226592,125,1309,6.95,1950000
98,GJ,2497043,154,522,7.23,1740000
99,UP,2153211,68,1383,7.24,2390000
100,TL,3171401,199,324,7.37,2770000
101,MP,839291,45,2016,7.14,1340000
102,AP,2993142,164,436,7.15,2770000
103,HR,2569961,111,1178,6.6,2490000
104,TL,3432189,202,216,8.03,2850000
105,TN,1821404,87,1297,6.9,2020000
106,MP,2136774,94,1268,7.05,2500000
107,TL,1787802,120,1248,6.55,1880000
108,MH,1951666,139,1222,7.33,2130000
109,MH,2581795,170,649,8.04,2510000
110,GJ,3279316,163,464,6.33,2160000
111,TL,2282175,130,1649,6.61,2630000
112,KA,1994561,86,1741,6.26,2490000
113,MH,2533072,178,360,7.27,2580000
114,MH,2447553,201,218,8.17,2580000
115,TL,2535868,127,1947,6.47,2780000
116,RJ,2111852,113,1840,6.53,1950000
117,TL,3396846,171,436,6.83,2410000
118,BR,2804095,69,2612,6.01,2500000
119,MH,2454179,201,283,7.34,2620000
120,BR,2764515,65,1900,6.48,2290000
121,MP,1675423,79,1794,7.04,2310000
122,TL,3161607,171,586,6.34,2310000
123,AP,1898918,113,954,7.36,2160000
124,MH,2733978,196,330,7.51,2540000
125,GJ,3159443,158,662,6.71,2700000
126,MH,2264911,175,1031,7.29,1970000
127,TL,1832659,122,1011,7.32,2310000
128,PB,2321342,65,1450,6.8,1940000
129,TN,2385359,105,1259,6.38,2150000
130,TL,2508246,145,767,8.18,2610000
131,MH,2936211,228,93,8.66,2550000
132,BR,2550260,61,2647,6.22,2470000
133,AP,1679406,105,1173,6.92,1880000
134,BR,2602320,61,1946,6.67,2300000
135,TL,2187864,136,897,7.73,2250000
136,GJ,2471317,126,1491,7.2,2190000
137,TL,3214531,197,297,6.96,2330000
138,GJ,2670303,134,1021,7.11,2680000
139,TL,2153197,106,2053,6.66,2190000
140,AP,3854590,208,161,7.81,3310000
141,DL,2578754,153,514,6.58,2910000
142,MH,2722661,197,526,7.96,2700000
143,HR,2048331,101,1607,7.04,2210000
144,TL,1859114,130,1178,6.39,1750000
145,UP,2288267,77,1744,6.74,2440000
146,KA,2532807,96,1275,6.85,2370000
147,MH,2677152,193,296,8.29,2230000
148,MH,1938103,152,529,7.98,2900000
149,TL,2790660,179,332,7.17,2270000
150,WB,2481804,72,2080,6.77,2410000
151,MH,2658064,187,635,7.52,2570000
152,AP,2136320,106,2069,6.43,1980000
153,OD,3308482,81,3509,6.29,2370000
154,AP,2150335,124,995,6.64,2470000
155,MH,2445104,187,284,7.84,2400000
156,MP,2691944,96,1939,7.12,2020000
157,UP,1692785,63,1555,6.77,2010000
158,TN,2124297,79,1315,6.72,2150000
159,UP,2351973,84,1377,6.99,2400000
160,GA,2475532,75,1513,6.13,2240000
161,TL,2222016,158,603,7.57,2410000
162,TL,3407258,157,1745,6.93,2480000
163,TL,2572459,144,690,7.47,2470000
164,TL,2285325,157,495,7.38,2210000
165,MH,2585697,213,167,7.88,2410000
166,NE,3787201,69,1581,6.11,2530000
167,TN,2304909,87,1179,5.79,2370000
168,BR,2248541,48,2532,6.53,2290000
169,TL,2406436,167,646,6.84,2280000
170,TL,1748507,116,1428,7.1,2060000
171,TL,2480047,157,753,6.93,2030000
172,TL,3326327,194,364,7.91,3120000
173,KA,1874745,85,2402,5.95,1880000
174,TL,2304846,164,421,7.69,2640000
175,HR,3196865,127,2411,6.4,2340000
176,TL,2661314,186,298,7.53,2410000
177,MH,3153489,188,544,7.27,2590000
178,AP,2624774,125,952,6.78,2420000
179,DL,3137551,135,1013,7.05,2150000
180,TL,2145425,130,942,7.63,2410000
181,OD,2662134,68,1969,6.49,1980000
182,TL,3505717,186,307,7.24,2680000
183,MH,2833572,200,522,8.12,2060000
184,MH,2543352,191,772,7.78,2470000
185,KE,2545732,82,2354,6.83,2610000
186,TL,2128925,114,1212,6.88,2510000
187,TL,2489762,127,1239,7.3,2900000
188,AP,2969989,164,633,7.05,3150000
189,UP,3219929,87,1234,7.03,2180000
190,BR,2859559,66,1955,6.34,2780000
191,TL,2986678,203,198,7.17,2710000
192,TL,2350595,180,503,6.83,2520000
193,MH,1302497,130,2309,6.77,1990000
194,AP,2446861,109,993,6.93,2430000
195,MH,2223115,189,313,7.8,2590000
196,AP,2582081,126,913,7.32,2440000
197,TL,2404366,126,913,6.89,2700000
198,MH,2082217,192,260,8.1,2460000
199,KA,1520826,72,2562,6.64,1960000
200,MH,1958726,165,673,7.4,2050000
201,MP,2369750,113,1077,7.32,3010000
202,UP,1530757,59,1505,7.06,2050000
203,TL,2231315,140,642,7.2,2450000
204,WB,2153413,64,2000,6.96,2380000
205,AP,1720710,107,1379,6.68,2230000
206,BR,2330880,55,2039,6.74,2170000
207,DL,2729838,160,624,6.63,2370000
208,TL,2565985,169,465,6.97,2210000
209,TL,2827546,170,524,7.49,2720000
210,MH,1901236,139,890,7.16,2110000
211,BR,2558425,63,1593,7.08,1910000
212,TL,1877747,110,940,7.38,2210000
213,MH,2260324,195,342,7.58,2860000
214,AP,3071479,159,580,6.91,2720000
215,MH,2409057,206,239,7.84,2190000
216,TL,2228867,147,650,7.01,1930000
217,AP,2841063,129,859,7.43,2000000
218,AP,1781027,98,2091,7.47,2020000
219,TN,2581568,122,1521,6.46,2350000
220,TL,2185011,115,1284,6.67,2480000
221,KA,3847722,194,294,6.91,2970000
222,GJ,2533323,126,831,7.22,2130000
223,TN,1681264,73,1949,6.16,2130000
224,RJ,2366915,108,1530,6.84,2220000
225,AP,2023642,103,1734,7.41,2600000
226,TL,1832745,102,1539,7.17,2080000
227,MH,2558764,216,201,8.2,2740000
228,DL,3207146,190,333,7.07,2910000
229,MH,2267910,175,356,7.5,2440000
230,UP,3146101,101,1511,6.26,2390000
231,NE,2502143,57,1970,6.2,2030000
232,TL,2431222,140,629,7.21,2590000
233,DL,2893068,150,863,6.51,2480000
234,UP,2840086,97,2010,6.96,2710000
235,MH,2542161,201,248,8.2,2720000
236,MH,2555535,212,202,8.08,2830000
237,AP,2649895,102,1140,7.19,2320000
238,MH,3456244,305,7,9.9,3300000
239,TL,2472634,154,841,7.3,2330000
240,TL,1966643,131,929,7.66,2530000
241,GJ,2230651,129,751,6.84,2020000
242,TL,3385182,192,292,7.2,2530000
243,AP,2183564,115,886,7.32,2320000
244,MH,2178129,190,293,7.09,2160000
245,MP,2771267,102,2328,6.23,2350000
246,TL,3473227,210,442,7.06,2520000
247,MP,2577781,111,1651,7.25,2020000
248,UP,3022702,80,1694,7.88,2860000
249,HP,2320818,52,2260,6.41,2610000
250,BR,3326125,76,1310,6.83,2660000
251,MH,2216255,158,553,7.59,2630000
252,WB,2484968,65,1986,6.34,2250000
253,TL,2528881,167,492,7.09,2730000
254,HR,2451565,102,1552,6.89,2480000
255,MH,2596453,203,304,7.63,2590000
256,TL,2720022,181,643,7.11,2650000
257,MH,3021446,230,118,8.48,3010000
258,TL,2406024,135,994,7.04,2040000
259,KA,2885682,127,863,6.39,2180000
260,DL,2510549,110,947,6.81,2100000
261,MH,1911921,143,636,7.91,2130000
262,MH,2219995,162,742,7.98,2540000
263,MH,2593238,238,69,8.12,3040000
264,MH,3315925,237,89,7.96,2410000
265,UP,1611755,45,1541,5.99,1620000
266,TL,3115860,185,318,7.26,2490000
267,TL,2102800,130,1486,6.97,2030000
268,MP,2795849,120,1076,7.05,2260000
269,MH,2286272,179,386,7.49,2320000
270,KA,2102764,109,1127,6.47,2030000
271,HR,1934833,73,3218,6.46,2130000
272,AP,2511970,119,1401,6.64,2450000
273,GJ,2219895,126,1259,7.37,2100000
274,MH,2755243,241,52,8.39,2580000
275,HR,2723678,116,882,5.94,2200000
276,HR,2951363,154,1263,6.95,2570000
277,TL,2354805,139,769,7.41,2170000
278,GJ,2860095,141,1674,7.3,2530000
279,MP,2773501,118,1906,6.71,2200000
280,UP,2063113,72,1348,6.43,2210000
281,RJ,2207058,126,805,7.13,2190000
282,DL,1950165,130,1777,6.54,1640000
283,TL,3398115,203,201,7.8,2950000
284,HR,2412817,104,1128,6.22,2450000
285,GJ,2463581,132,786,7.33,2370000
286,TL,2537124,121,1014,7.19,2200000
287,MH,2429280,187,317,7.23,2300000
288,TN,2835819,100,1562,6.37,1890000
289,TL,2992803,178,509,7.21,2440000
290,BR,2506619,67,1677,6.69,1990000
291,NE,2390303,51,1672,6.49,1620000
292,MH,3231252,215,172,8.8,3020000
293,GJ,2478284,145,649,6.65,2280000
294,GJ,3121721,180,543,7.16,3090000
295,TL,2371039,132,794,7.55,2650000
296,MP,3200688,118,1425,6.9,2500000
297,MH,2537773,203,211,8.2,2310000
298,TL,3292066,174,555,7.54,2630000
299,MP,2404807,91,1139,6.38,2290000
300,TL,2682704,172,488,6.87,1940000
301,DL,2945470,148,921,7.54,2570000
302,TL,2138891,149,880,6.68,2230000
303,MH,2612123,229,159,7.59,2540000
304,KA,2324441,126,1052,7.55,2620000
305,MH,3578703,307,11,9.19,3740000
306,MH,2633226,217,209,8.45,2270000
307,BR,2780689,78,1841,7.29,2570000
308,TL,2941379,187,617,7.49,2070000
309,CG,2764027,75,3330,6.13,2200000
310,MH,1884993,155,553,7.39,2270000
311,TN,1600095,66,2167,7.39,2080000
312,JH,3286953,63,2900,6.55,2010000
313,UP,2168426,80,1471,6.86,2320000
314,AP,2279657,131,1015,6.28,1910000
315,UP,2879190,95,1784,6.34,2710000
316,TL,1729949,98,2631,7.38,2190000
317,TL,1646481,99,2025,6.88,1350000
318,TL,2350128,147,599,6.92,2380000
319,MH,2245837,179,379,7.23,2350000
320,MH,2386913,201,207,8.08,2600000
321,AP,2401220,104,1049,7.14,2660000
322,HR,2858802,118,1064,7.01,2710000
323,GJ,3325215,169,500,6.84,2620000
324,AP,2402420,153,531,6.73,2530000
325,UP,2478694,75,1505,7.52,2370000
326,MH,2522401,166,563,7.94,3040000
327,TL,1561042,113,1242,6.8,1660000
328,MH,2138580,184,350,7.91,2020000
329,UK,3018866,65,2837,6.37,2650000
330,MH,1964119,170,459,7.7,1630000
331,MH,2738974,227,126,7.82,2480000
332,TL,3017723,158,671,6.92,2300000
333,UK,3032764,67,1456,6.09,2530000
334,TL,2789089,144,702,6.69,2560000
335,BR,2030229,47,3172,6.68,2240000
336,HP,3249095,72,1630,5.76,2140000
337,JH,2778771,60,1562,6.6,1900000
338,GJ,2788851,134,1092,7.19,2480000
339,MH,2186430,197,314,8.44,2550000
340,HR,2798800,113,1538,7.1,2750000
341,MH,2903053,173,614,7.36,2650000
342,WB,1772876,60,1961,6.5,1880000
343,MH,3226724,256,47,8.45,2930000
344,NE,2542906,72,5954,6.06,1980000
345,GJ,1862830,99,1135,6.47,1920000
346,NE,2896363,59,3560,6.83,2870000
347,DL,2560150,163,479,6.64,2220000
348,GA,2081688,56,1789,5.72,1930000
349,MH,2200035,203,258,7.93,1880000
350,MH,3196773,247,49,7.76,2290000
351,TL,2003540,117,1203,6.74,2430000
352,TL,2606659,165,440,6.69,2550000
353,KA,2653437,116,1018,6.67,2190000
354,TL,2787471,148,653,6.55,2330000
355,MH,3047373,241,119,7.72,2470000
356,MH,2929907,194,263,7.78,2630000
357,UP,3399361,99,1252,7.28,2610000
358,TL,2608073,132,1788,7.37,2450000
359,MH,2610413,209,237,7.79,2730000
360,MH,3037080,225,101,8.34,2870000
361,MH,2508998,190,364,8.22,2660000
362,GA,2955708,80,1846,6.51,2300000
363,UP,3806479,118,1109,7.09,3140000
364,MH,2405747,203,197,7.34,2370000
365,GJ,3449221,152,706,6.73,2280000
366,DL,1993193,113,1108,7.06,2460000
367,TL,2182899,149,604,7.31,2430000
368,UK,3222544,90,1180,6.34,2570000
369,MP,1883585,82,1251,7.29,1800000
370,MH,2251137,183,391,7.26,2280000
371,GJ,2362273,123,1800,6.67,2430000
372,KA,2881620,130,807,6.66,2810000
373,TL,3193196,170,442,7.7,2800000
374,TL,2485427,152,1075,6.43,2450000
375,WB,2803812,89,2004,6.53,2370000
376,TL,2251428,151,528,7.16,2370000
377,TL,2083417,132,1016,6.78,1950000
378,WB,2157076,61,1519,6.84,2440000
379,TL,2437851,131,953,6.75,2220000
380,GJ,1769936,105,1340,6.67,1540000
381,DL,2221701,127,1165,6.71,2000000
382,TL,2420043,148,615,7.24,2800000
383,MH,2726440,192,265,8.14,2290000
384,UP,2444900,82,4743,7.08,2290000
385,UP,2585219,77,2253,6.59,2250000
386,MH,2723130,187,293,7.73,2620000
387,AP,2617417,151,649,7.72,2530000
388,TL,2386968,137,1118,7.29,2260000
389,BR,2038954,60,3894,6.36,1910000
390,MH,2635713,217,145,7.87,2710000
391,GJ,1730258,101,1193,6.46,2040000
392,TL,3034272,165,568,6.77,2160000
393,GJ,2785264,134,700,7.43,2330000
394,BR,1885888,60,2153,6.94,2250000
395,HR,2433224,134,1087,7.12,2180000
396,TL,2348995,138,942,7.38,2380000
397,TL,3546522,240,67,8.5,3440000
398,UP,2240276,86,1499,6.37,2120000
399,MH,2706380,205,173,8.71,3050000
400,GJ,3376695,163,532,7.13,3430000
401,BR,2595858,57,1465,6.78,1990000
402,TL,1166449,83,2460,6.69,1650000
403,TL,3066437,157,778,6.44,2690000
404,TL,2911343,185,287,8.17,2850000
405,PB,3448662,81,1884,6.44,2690000
406,TL,1557113,103,2203,6.82,1990000
407,KA,1882232,109,1586,6.93,2340000
408,MH,1758688,156,826,7.61,2350000
409,AP,2927145,134,927,7.56,2830000
410,KA,2246696,108,1083,6.56,2350000
411,GJ,1708589,102,1460,7.12,2420000
412,TL,2577170,150,544,6.92,2410000
413,AP,1823236,117,1017,6.45,1720000
414,AP,1830244,90,1196,6.72,1890000
415,MH,3388006,288,16,8.85,2620000
416,MH,2305500,146,722,7.28,2130000
417,MH,2573952,219,139,8.33,3060000
418,MH,2579835,202,254,7.14,2170000
419,GJ,2102659,144,772,7.64,2250000
420,TL,2888586,166,498,7.2,2440000
421,GJ,2032470,105,1349,6.8,2100000
422,BR,2282092,61,1452,7.17,2300000
423,BR,2692837,66,1834,6.31,2080000
424,DL,2454705,144,619,6.52,2600000
425,MH,1647151,135,1179,8.04,2160000
426,MH,2163383,160,834,7.78,2190000
427,AP,3090168,152,679,7.63,2590000
428,WB,2368442,82,1789,6.45,1880000
429,TL,2399543,123,1129,7.11,2150000
430,DL,2513636,114,1518,5.97,1830000
431,TL,3585308,225,108,7.21,2570000
432,MH,2670402,220,235,7.83,2550000
433,MH,2582021,243,59,8.2,3050000
434,TL,2235354,168,453,7.17,2010000
435,MH,1963485,170,568,7.78,2450000
436,UP,1993985,66,3190,6.99,2090000
437,TL,1934843,121,843,7.19,2280000
438,TL,2830968,178,715,7.45,2170000
439,TL,2813969,179,941,6.6,2370000
440,GJ,1866099,84,1627,6.31,1980000
441,TL,2721407,191,382,7.09,2110000
442,UP,2967165,99,1577,6.71,2540000
443,MH,2222071,183,370,7.37,2210000
444,MH,2728420,174,351,7.32,2360000
445,DL,3060622,167,437,7.23,2430000
446,TL,2975625,195,446,7.63,2630000
447,CG,2339844,54,3037,6.28,2080000
448,WB,2594885,76,1493,6.26,2500000
449,MH,2709811,226,127,8.12,2520000
450,UP,2231838,78,1876,6.48,2390000
451,TL,3187297,204,176,7.65,2360000
452,MH,2632642,207,285,6.96,2560000
453,MP,2334512,97,1381,6.48,2210000
454,JH,2669457,61,1511,6.63,2320000
455,MH,1746345,156,509,7.41,1920000
456,PB,2717266,72,1886,6.94,2450000
457,UP,1987476,73,1968,6.41,2320000
458,MH,2489853,194,350,8.14,2680000
459,UP,2651072,90,1900,7.46,2630000
460,UP,1688556,62,2166,7.55,1990000
461,MH,2357565,173,500,7.33,2230000
462,MH,2847232,213,141,7.39,2640000
463,UP,1924766,75,1306,6.81,2050000
464,MH,1576075,145,671,7.61,2070000
465,TL,2628612,150,591,7.37,2560000
466,MH,1905419,158,611,8.04,2030000
467,UP,2276659,84,1458,6.73,2550000
468,TL,1762927,104,1070,6.63,1730000
469,MH,2622381,197,408,7.49,2610000
470,CG,2024597,54,2080,6.34,2130000
471,GJ,2726381,139,1022,6.28,2220000
472,GJ,2955120,183,554,7.28,2680000
473,BR,2144266,52,1476,6.86,2120000
474,TL,2655697,154,574,6.79,2730000
475,TL,3363303,160,605,7.63,2790000
476,UP,2344630,73,2313,7.11,2340000
477,MH,3268903,231,248,7.99,2850000
478,BR,2224859,56,2458,6.53,2190000
479,AP,3649686,169,608,7.12,2870000
480,DL,2213933,140,727,7.51,2520000
481,AP,3126430,167,442,7.55,2620000
482,AP,2533540,125,962,7.57,2940000
483,WB,2272290,76,1431,6.36,2470000
484,MH,3601884,272,29,7.76,2770000
485,DL,2947587,153,699,6.8,2870000
486,TL,2847144,151,661,7.55,2510000
487,UP,2297741,83,4396,7.19,2670000
488,TL,2213463,132,824,6.94,2400000
489,KA,2870190,125,825,6.57,2420000
490,TL,2424867,120,1062,7.07,2230000
491,MH,3190583,221,123,7.92,2950000
492,AP,2428408,141,1276,7.08,2530000
493,MH,2136741,165,409,7.29,2290000
494,BR,1967438,52,1615,6.82,2110000
495,MH,2129600,159,1304,7.63,2250000
496,TL,2894870,159,584,6.71,2460000
497,TL,2346450,124,1236,7.17,2490000
498,MH,2001500,217,178,7.98,2130000
499,UP,2022094,63,1827,6.6,2390000
500,MH,2630308,231,133,8.58,3060000
501,KE,2377496,73,1973,6.18,2420000
502,GJ,1709183,105,1163,7.64,2200000
503,AP,3439746,180,426,6.82,2800000
504,AP,3342988,151,969,6.63,2740000
505,MP,3066102,119,962,7.16,2700000
506,HR,2843850,109,1202,6.51,2310000
507,TN,2759088,108,1000,6.96,2990000
508,TN,587037,30,1899,6.63,1400000
509,MP,2655493,114,1469,7.13,2630000
510,MP,3596083,156,530,6.98,2230000
511,MP,2657082,115,1456,7.25,2490000
512,HR,3104987,146,1486,6.96,2620000
513,RJ,2489173,120,1613,7.16,2350000
514,KA,2598649,111,2095,6.28,1850000
515,GJ,2158899,125,864,6.67,2110000
516,WB,2546173,87,1391,6.63,2120000
517,MH,2190348,168,560,7.13,2400000
518,RJ,1883522,94,2135,6.59,1970000
519,AP,3711768,174,353,6.96,2690000
520,MH,2708927,236,89,8.33,3140000
521,MP,2695609,102,1277,6.61,2520000
522,RJ,2711636,119,1265,7.09,2200000
523,MH,1389896,121,1061,7.97,1890000
524,MP,2672869,97,1571,6.95,2590000
525,JH,3165944,69,2279,6.26,2570000
526,GJ,1764432,92,1934,7.53,1900000
527,MH,2888468,240,54,8.26,2640000
528,RJ,2539527,115,1092,6.16,1940000
529,KA,2254584,117,934,6.88,2330000
530,RJ,3314035,150,1214,7.32,2050000
531,GJ,3236497,150,666,6.88,2770000
532,MH,3582424,298,8,8.94,3210000
533,RJ,3026528,145,603,6.69,2800000
534,RJ,2888911,123,1015,7.11,2500000
535,RJ,2029589,104,1010,7.45,2380000
536,NE,1709254,44,2283,6.4,2160000
537,RJ,2513344,95,1527,6.28,2060000
538,MH,2936619,173,422,8.05,2680000
539,UP,2934741,102,1398,7.35,2580000
540,TN,2377413,89,2239,5.92,1860000
541,JH,2090178,54,1887,6.56,2410000
542,RJ,1956984,89,1344,6.64,2040000
543,GJ,2682892,130,1093,6.94,2520000
544,AP,2058736,97,1496,6.82,2320000
545,UP,2471681,84,1383,6.69,2400000
546,HR,2032830,84,1748,6.23,2090000
547,UP,1840366,72,2148,6.15,1890000
548,UP,2017419,59,2753,6.21,2160000
549,MH,2657506,225,116,8.08,2070000
550,MH,2273164,226,182,8.4,2840000
551,MP,2400489,98,1838,7.54,2380000
552,MH,760013,67,1382,8.44,1740000
553,RJ,2315223,123,883,6.49,1920000
554,UP,2456955,88,1384,6.87,2340000
555,UP,3538762,112,994,6.75,2610000
556,NE,1321790,33,2340,6.64,1640000
557,RJ,2236048,121,960,6.95,1890000
558,MP,2700723,116,1549,6.77,2270000
559,MH,3441790,216,130,7.91,2600000
560,RJ,2735592,137,1084,7.39,2770000
561,WB,2486357,72,2754,6.49,1870000
562,MH,2945562,267,24,8.13,1880000
563,AP,1816560,105,1564,7.29,2420000
564,RJ,2136599,109,1384,7.07,2320000
565,NE,2460175,63,2468,6.35,2390000
566,OD,2900556,63,2943,5.96,2100000
567,MP,1729253,60,3288,6.58,1750000
568,KA,2249532,91,1269,7.05,2010000
569,MP,2743939,111,1283,6.93,2480000
570,MP,2040096,97,1559,6.54,2130000
571,RJ,3113403,152,687,7.99,2660000
572,RJ,2294090,107,1781,7.14,2250000
573,UP,2394305,87,1732,6.9,2280000
574,AP,2038841,97,1555,7.31,2310000
575,GJ,3289759,184,329,7.19,2070000
576,RJ,3519507,163,889,6.89,2700000
577,MH,2421566,162,575,7.94,2240000
578,PB,2784632,75,1654,6.49,3040000
579,NE,2563343,47,1710,6.54,2730000
580,MH,1979583,176,428,7.14,2460000
581,RJ,1943721,109,994,6.77,2120000
582,AP,2464358,135,1166,6.71,2190000
583,MH,2364473,170,459,7.13,2300000
584,RJ,2694897,143,615,7.38,2410000
585,RJ,2571513,139,728,8.01,2430000
586,GJ,2241626,126,1006,7.45,2980000
587,RJ,2415026,113,1221,7.32,2620000
588,RJ,2813840,152,735,7.28,2660000
589,DL,3181331,143,747,6.48,2640000
590,RJ,2139247,96,1331,7.26,2160000
591,RJ,2371515,121,1064,7.38,1460000
592,AP,2844922,134,1087,6.35,2270000
593,UP,2677186,84,2804,6.85,2490000
594,OD,2613982,66,1441,6.24,2370000
595,RJ,1894620,93,1243,7.25,2010000
596,RJ,3280507,163,630,7.35,2880000
597,MH,1829506,156,762,7.44,2290000
598,MH,2802209,184,294,7.59,2490000
599,RJ,3370439,119,3084,6.26,2110000
600,MH,2306500,218,207,7.82,2500000
601,CG,2557058,80,1782,6.47,2600000
602,BR,3439998,76,1318,7.03,2460000
603,CG,1835775,49,3301,5.71,2090000
604,MH,2688893,242,68,7.95,2730000
605,KA,2357451,105,2030,6.46,1660000
606,RJ,2424317,106,1000,7.41,2220000
607,AP,2178837,121,1297,6.98,2280000
608,RJ,2397899,106,1622,6.78,2110000
609,MH,1730344,144,715,7.61,2000000
610,KA,2798348,118,1298,6.34,1990000
611,MH,2766572,200,393,7.3,2680000
612,CG,2530477,67,3317,5.57,1970000
613,AP,3131142,145,968,7.23,2350000
614,WB,2910486,76,2118,6.25,2860000
615,BR,2228706,56,1590,6.89,2240000
616,RJ,2079087,109,1121,6.83,2450000
617,AP,2088719,121,988,7.58,2380000
618,AP,2610383,144,936,7.52,2250000
619,RJ,2865313,145,1272,7.17,2310000
620,MH,3403966,241,86,7.86,2910000
621,MH,2398839,179,447,7.08,2080000
622,GJ,2657099,112,973,6.99,2150000
623,MH,3023660,208,277,7.48,2410000
624,UP,1514600,53,3283,6.92,1560000
625,MH,2519739,190,313,7.94,2330000
626,DL,2543141,139,637,6.73,2090000
627,HR,2939294,126,962,6.9,1910000
628,MH,2785307,242,58,7.91,2760000
629,MH,1978649,170,476,7.71,2250000
630,RJ,2561142,124,1131,6.46,2380000
631,OD,1901011,47,1560,5.54,2000000
632,MH,2248596,187,400,7.48,2440000
633,MH,2312617,189,374,7.87,2600000
634,TN,2986452,127,1665,6.77,2550000
635,RJ,2104682,106,1238,7.68,2200000
636,HP,2674765,61,2137,6.24,2220000
637,UP,1678610,64,1809,7.32,2230000
638,RJ,3329496,181,389,7.21,2710000
639,MH,2141714,150,531,7.37,2260000
640,RJ,2809210,132,771,6.18,2470000
641,WB,2510856,59,3460,6.25,2610000
642,RJ,2408711,119,1591,6.45,1880000
643,KE,2781509,81,1424,6.63,2460000
644,UP,3351945,110,965,7.2,2400000
645,MP,2382347,111,1647,6.64,2200000
646,RJ,1845589,101,1060,6.78,2150000
647,HR,2563784,121,1063,6.93,2210000
648,UP,3591410,126,795,7.04,2660000
649,AP,2250987,125,840,6.44,2220000
650,GJ,2796627,158,645,7.04,2390000
651,GJ,2171768,111,1928,6.62,2520000
652,AP,2931325,137,795,7.07,2350000
653,HR,2426106,101,1523,6.24,2380000
654,TN,2357049,108,1630,7.05,2440000
655,RJ,2672061,147,596,6.8,2510000
656,UP,3157889,96,2013,7.12,2590000
657,MH,2871712,226,132,7.54,2520000
658,GJ,2986077,162,558,6.63,2150000
659,JH,2527840,62,1671,6.24,2270000
660,TN,2150402,94,1572,6.77,2060000
661,WB,2209344,67,1513,6.78,1690000
662,RJ,2723492,140,743,7.3,2550000
663,RJ,2708201,128,840,6.83,2620000
664,MP,2728580,101,1732,7.11,2690000
665,GJ,2891707,154,576,6.66,2060000
666,TN,2703437,103,1391,7.09,2730000
667,MP,2495218,83,2412,7.17,2270000
668,MH,2003073,179,329,7.0,2120000
669,RJ,2077164,92,1338,7.07,2560000
670,RJ,2614672,114,905,7.24,2450000
671,MH,2741131,209,155,7.62,2340000
672,AP,2945117,149,578,6.78,2430000
673,RJ,2128109,110,1275,6.92,1900000
674,TN,1695418,75,2055,6.61,2050000
675,RJ,3047395,164,707,7.03,3020000
676,DL,2577433,162,536,6.76,1970000
677,RJ,2566340,118,974,7.32,2530000
678,TN,2886300,131,873,6.49,2200000
679,MH,3031401,205,237,7.7,2810000
680,RJ,2860757,139,701,6.95,2350000
681,AP,3252795,172,486,7.15,2590000
682,RJ,2765957,126,817,6.61,2100000
683,WB,1897295,44,2450,6.71,2190000
684,MP,1561920,61,1686,7.12,2030000
685,JH,2793845,63,2223,7.13,2740000
686,MH,2601920,206,326,7.95,2740000
687,RJ,3488940,167,675,6.82,2960000
688,BR,1641784,45,3205,6.61,1800000
689,MH,3341903,260,25,7.96,3460000
690,MH,3101293,230,130,8.6,2420000
691,MP,1858782,88,1854,7.09,1920000
692,RJ,2643407,136,700,6.87,2290000
693,RJ,2744758,139,1177,6.4,2420000
694,AP,3248810,143,1561,6.55,2000000
695,JH,2919451,70,1662,5.92,2210000
696,RJ,2333118,137,978,7.1,2490000
697,MH,1824222,147,1841,7.59,2160000
698,RJ,2598261,133,1373,7.29,2560000
699,UP,2966326,106,1762,7.5,2900000
700,RJ,2424873,115,1073,6.95,2480000
701,KA,2102724,95,2205,7.01,2230000
702,HR,2022782,81,1477,6.29,1850000
703,RJ,2247310,125,2154,6.9,2050000
704,RJ,1536569,72,1997,6.99,1450000
705,RJ,2233996,122,812,7.32,2330000
706,JH,2982267,60,2683,5.33,1970000
707,DL,2245644,124,802,6.82,2210000
708,MH,3190610,260,69,7.93,3050000
709,AP,2153242,114,1783,6.8,2250000
710,RJ,2408204,123,883,6.52,2390000
711,HR,3144234,141,661,6.33,2410000
712,OD,2917501,84,1577,6.68,2730000
713,MP,1185359,61,1462,6.92,1670000
714,MH,2320386,197,343,7.69,2160000
715,MH,2329978,199,249,8.07,2540000
716,KE,2441370,80,1548,6.78,1910000
717,MH,2539542,200,210,8.39,3040000
718,RJ,1724023,85,1252,7.41,2100000
719,RJ,2372427,110,1692,6.72,2620000
720,JH,1762175,44,1561,7.11,1960000
721,MH,2808318,214,208,7.55,2580000
722,RJ,2268225,123,1929,6.61,2110000
723,MH,3322261,228,103,8.09,3250000
724,TN,1216108,58,1854,6.83,1570000
725,RJ,2410436,114,937,6.52,2460000
726,MH,2915890,267,26,8.92,2840000
727,RJ,3019170,126,1054,6.9,2600000
728,CG,2403425,50,2539,6.17,1900000
729,AP,3373195,172,408,7.3,2940000
730,MH,1918777,145,711,6.47,2070000
731,RJ,1813626,93,1427,6.89,1900000
732,RJ,1546791,89,1555,6.58,2140000
733,RJ,1841181,100,1488,6.49,2060000
734,GA,1987770,73,2630,6.26,1700000
735,WB,2699343,82,2831,6.09,1870000
736,MH,2916970,252,45,8.71,3210000
737,DL,2505975,146,829,7.72,2770000
738,TN,2197936,101,1128,6.47,1880000
739,MP,2790053,108,996,6.69,2800000
740,BR,2970216,76,1660,6.99,2550000
741,KA,2335180,126,1134,7.29,2280000
742,RJ,3400199,153,1028,6.97,2780000
743,MH,2697192,216,134,7.48,2490000
744,RJ,2294390,104,1003,7.03,2130000
745,RJ,2232646,139,763,7.33,2050000
746,MH,1727647,133,1702,6.37,1420000
747,RJ,3413921,180,669,6.56,2620000
748,RJ,3204784,141,1379,7.54,2740000
749,AP,2381883,109,1522,6.07,2020000
750,RJ,2227554,118,933,7.07,2340000
751,RJ,3145412,155,541,7.58,3310000
752,BR,3648978,109,1998,6.37,2500000
753,MH,1687686,138,1139,7.68,1770000
754,MH,1949117,137,985,8.19,2620000
755,RJ,1897514,90,1475,6.83,2010000
756,MH,2485912,204,317,7.59,2410000
757,RJ,2814069,149,578,7.52,2700000
758,BR,2724885,72,1787,6.04,2160000
759,DL,2374799,136,1035,6.42,2180000
760,TN,2251629,85,1250,6.55,1820000
761,UP,2106118,94,1170,6.86,1960000
762,RJ,3224996,146,885,6.68,2730000
763,AP,2294663,97,1096,7.05,2250000
764,MH,2414438,158,483,7.08,1930000
765,KA,1863957,95,1873,6.95,1570000
766,TN,2098004,91,1261,6.91,2290000
767,GJ,3443842,171,585,6.84,2520000
768,MH,3025691,194,251,8.11,2600000
769,RJ,3181220,142,787,6.95,2630000
770,AP,2265661,118,1375,6.96,2590000
771,BR,3582532,85,1207,7.08,2580000
772,DL,2658020,152,706,6.97,2420000
773,MP,1520501,77,1773,6.94,1920000
774,RJ,2473389,121,1008,7.47,2720000
775,RJ,3006160,138,1108,7.25,2730000
776,MH,2283494,186,342,7.3,2720000
777,RJ,2991245,152,1271,6.48,2330000
778,AP,2822374,138,778,7.39,2400000
779,MP,2431305,105,3726,6.68,2140000
780,MP,2474389,88,1520,6.7,2550000
781,RJ,2499094,142,698,6.98,2190000
782,MP,2429207,102,1049,7.37,2950000
783,MP,3041121,142,896,7.24,2720000
784,AP,2539640,108,1122,6.94,2230000
785,KA,1747067,86,1278,6.75,1950000
786,RJ,2595594,143,1060,7.45,2130000
787,RJ,2751903,126,1528,7.5,2300000
788,RJ,2183559,111,1152,7.23,2400000
789,MH,1982683,186,327,8.08,2790000
790,MH,1996275,159,500,8.02,2310000
791,CG,2895186,78,2815,6.19,2500000
792,BR,2727564,58,1721,6.84,2550000
793,RJ,2177253,131,792,7.44,2470000
794,AP,2108126,129,925,6.94,2100000
795,TN,2404310,105,1166,7.49,2270000
796,GJ,2644070,139,688,7.27,2260000
797,MH,2318586,170,408,7.68,2320000
798,KA,2014060,91,2340,6.76,2740000
799,MH,2977558,218,266,8.3,2440000
800,AP,2429613,144,1860,6.88,2330000
801,MH,2863529,230,90,7.94,2930000
802,WB,3731210,100,2062,6.34,2230000
803,RJ,2285537,111,1069,6.76,2830000
804,UP,2640000,86,1625,7.12,2530000
805,MH,2071555,159,1104,7.1,2080000
806,RJ,2770662,141,1145,7.52,2540000
807,MH,1751767,164,430,7.23,2250000
808,RJ,2219597,103,2462,7.03,2220000
809,JH,2634476,59,1477,6.68,2200000
810,MH,2027237,151,529,7.55,2160000
811,TN,2263448,92,1639,6.78,2270000
812,DL,3054270,188,312,7.57,2770000
813,PB,2148827,64,1617,6.45,2420000
814,RJ,2741406,125,876,6.78,2480000
815,TN,2626679,121,1231,7.04,2380000
816,AP,2404836,115,951,6.98,2700000
817,PB,2264367,60,1727,6.18,2000000
818,HR,2061368,87,1262,7.31,2180000
819,UP,2673908,89,1584,7.05,2390000
820,GA,2967564,83,2376,5.59,1950000
821,RJ,3262490,166,414,6.84,2820000
822,MH,2492925,182,348,7.23,2100000
823,MH,2696690,187,314,7.63,2390000
824,AP,2842547,153,610,6.9,2630000
825,MH,1927198,183,390,8.18,2040000
826,MH,1679782,124,958,7.91,2630000
827,GJ,1471679,68,1606,6.54,1690000
828,MP,2779092,112,1130,6.43,2520000
829,MH,2712546,228,102,7.6,2750000
830,MH,2573962,218,209,8.23,2570000
831,HR,2606911,133,1092,6.89,2470000
832,DL,1738682,123,928,7.36,2150000
833,MH,2879124,215,179,8.57,2730000
834,GJ,2166313,130,907,6.4,2260000
835,AP,1758926,98,1879,7.34,2080000
836,RJ,2923622,137,699,6.98,2730000
837,RJ,3187205,136,779,6.72,2520000
838,MH,1903090,178,542,7.27,2210000
839,DL,2549581,121,1131,7.21,2740000
840,KA,2297610,105,1177,6.35,1940000
841,MH,2322012,198,503,7.83,2310000
842,OD,2471618,66,1635,7.4,2580000
843,MH,3334131,249,94,8.37,1930000
844,WB,2463347,65,1748,6.0,1800000
845,RJ,2323279,126,1323,7.48,2720000
846,MP,2264196,98,1680,6.16,1990000
847,WB,1248564,44,2436,7.06,1960000
848,MH,2055301,150,1335,6.78,2060000
849,MH,2410340,199,259,7.65,2340000
850,AP,3097897,128,764,7.1,2620000
851,RJ,3206811,125,1421,7.05,2450000
852,CG,2476969,67,1785,6.13,2360000
853,RJ,2490153,119,1084,6.69,2530000
854,AP,2163569,120,1134,7.58,2660000
855,RJ,2976089,135,868,7.21,2540000
856,RJ,2754536,163,450,7.59,2600000
857,MH,2570331,181,332,7.55,2370000
858,RJ,2533370,126,870,6.83,2270000
859,JH,1767471,50,1956,6.39,1750000
860,MH,2632091,160,784,7.27,2300000
861,RJ,3876455,177,911,7.7,3390000
862,MP,3725861,140,934,7.25,2770000
863,MH,3084511,188,420,7.24,2390000
864,MH,2033168,165,469,8.51,2650000
865,AP,2867641,146,628,6.98,2230000
866,MH,2900064,213,407,7.52,2300000
867,TL,1994898,104,1133,7.1,1890000
868,CG,1698381,46,1789,6.65,2050000
869,AP,2014701,113,1884,6.82,2340000
870,MH,2683843,195,254,7.19,2310000
871,UP,2341089,76,1324,7.01,2270000
872,RJ,1955779,98,3497,7.37,1870000
873,RJ,1522214,93,1224,6.79,1580000
874,RJ,3026215,150,876,7.44,2850000
875,MH,2926125,260,36,8.66,2840000
876,RJ,3071655,138,1854,6.95,2600000
877,RJ,3672254,195,523,6.49,2710000
878,MP,2030229,85,1659,6.95,1880000
879,MH,2861965,223,160,7.89,3070000
880,MH,2191014,197,275,7.49,2510000
881,MH,2776034,188,436,7.58,2750000
882,RJ,3690709,159,951,6.71,2440000
883,RJ,2812094,133,888,7.26,2550000
884,GJ,1354021,87,2248,6.78,1820000
885,UP,2810995,100,1187,6.92,2360000
886,MH,2936536,250,39,7.77,3000000
887,TN,3311897,131,1082,6.95,2750000
888,RJ,1501814,88,2794,6.46,2000000
889,WB,2796473,80,2106,6.41,2510000
890,MP,2143492,97,1543,6.6,2490000
891,RJ,1732891,104,1141,7.18,1900000
892,PB,2582957,72,1686,6.7,2210000
893,MH,2825190,242,47,8.78,2470000
894,RJ,3385677,146,608,7.9,2570000
895,RJ,2338650,122,1291,6.71,2220000
896,BR,1817847,52,2375,6.72,1730000
897,MH,2847665,215,313,7.98,2690000
898,MP,2358707,104,1091,6.8,2130000
899,RJ,2542572,137,706,7.07,2260000
900,RJ,2798277,156,727,6.96,2920000
901,MH,2545846,188,534,6.98,2350000
902,MH,2539306,201,904,7.11,2160000
903,MH,3554469,283,10,8.38,3080000
904,RJ,2586891,118,1125,7.21,2660000
905,AP,2031029,102,1100,7.14,2210000
906,UP,2794841,94,1387,6.97,2550000
907,MH,2514628,168,515,7.13,2020000
908,GJ,2200710,122,890,7.07,2170000
909,RJ,2437787,114,1563,7.14,2500000
910,MH,2154192,165,641,7.22,2520000
911,NE,3042723,66,3661,6.28,2610000
912,RJ,3221080,174,584,7.22,2670000
913,RJ,2501430,125,827,7.28,2460000
914,MH,2017617,182,305,7.04,2140000
915,JH,1673638,43,2142,6.93,1920000
916,CG,1641879,47,1611,6.69,1990000
917,MH,2275459,170,545,7.36,1990000
918,MH,2464136,215,131,7.56,2350000
919,GJ,2310854,142,930,6.91,2670000
920,AP,2063388,105,2375,7.56,2270000
921,MH,3026643,230,88,8.93,3130000
922,AP,2234765,129,1933,7.1,1950000
923,AP,2419580,104,2653,7.26,2130000
924,RJ,2722748,124,878,6.8,2640000
925,WB,2567034,83,1360,6.83,2380000
926,UP,3122302,88,3013,6.8,3040000
927,KE,2168998,72,1315,6.54,1910000
928,WB,2859994,77,1289,6.65,2180000
929,RJ,3094044,150,567,7.1,2650000
930,GJ,2256723,118,1164,6.73,2220000
931,MP,2625959,92,1166,6.94,2030000
932,DL,1523686,99,1175,6.26,1870000
933,AP,2668773,137,967,7.36,2580000
934,MH,3119015,283,12,8.85,3200000
935,MH,3376545,278,19,8.54,2730000
936,RJ,2472288,120,839,6.89,2280000
937,MH,1669144,114,939,7.24,2020000
938,MH,2304429,167,419,7.3,2500000
939,MH,1766207,132,1630,6.97,2090000
940,AP,2371233,136,883,7.03,2560000
941,RJ,3148513,160,492,7.81,2890000
942,RJ,2408470,109,1310,7.11,2520000
943,TN,2850372,114,1030,6.27,2360000
944,RJ,1412849,76,1756,7.47,1980000
945,RJ,2630000,137,804,7.13,2360000
946,RJ,3229342,160,766,7.75,2450000
947,MH,1995827,194,309,8.2,2310000
948,RJ,2492151,99,1762,7.51,2580000
949,RJ,2694688,132,1390,6.76,2440000
950,BR,2041407,58,3515,6.17,2200000
951,BR,3173357,78,1454,6.85,2640000
952,RJ,2781488,144,593,7.18,2720000
953,RJ,2151955,109,2343,6.39,1950000
954,MH,1972070,159,492,6.8,2330000
955,RJ,3058786,156,1356,6.76,2450000
956,WB,2645995,79,1795,6.27,2290000
957,UP,2753414,91,1395,7.2,2480000
958,MH,2261005,177,771,7.21,2670000
959,GJ,1976556,110,1109,6.86,2190000
960,WB,2238083,61,2650,6.36,2050000
961,UK,1937298,62,1559,6.3,2570000
962,MH,3280511,236,83,7.96,3140000
963,MH,2069102,185,379,7.2,2210000
964,RJ,3254892,174,488,7.28,2960000
965,AP,2495540,130,716,7.35,2130000
966,MH,2585568,180,532,7.59,2440000
967,UP,2330431,82,1903,7.55,2810000
968,JH,1980048,53,2750,5.85,1880000
969,HR,2243935,107,1238,6.82,2280000
970,MH,2072564,153,722,7.46,2550000
971,MH,2897531,236,81,8.62,2740000
972,MH,2306128,185,376,7.99,2950000
973,MP,3449022,108,1466,6.34,2750000
974,RJ,2296651,123,840,7.27,2250000
975,MH,2509143,199,323,7.87,2530000
976,RJ,2285966,102,1110,7.56,2490000
977,AP,2402734,145,745,7.07,2590000
978,RJ,2181275,101,1742,6.67,2370000
979,MH,1761405,128,845,7.28,2270000
980,MH,3869880,267,34,8.36,2470000
981,UP,2650905,97,1117,6.77,2080000
982,AP,1271384,80,1656,6.37,1500000
983,RJ,1944971,102,1231,6.94,2260000
984,OD,1475464,42,1502,6.67,1480000
985,UK,2071449,58,2559,6.29,2400000
986,MP,2718937,128,1018,6.17,2660000
987,NE,3064165,69,1432,6.26,2170000
988,BR,2180366,46,2068,6.51,2210000
989,RJ,2147454,112,1431,7.13,2260000
990,UK,2218596,56,1489,7.02,1960000
991,RJ,2476505,124,1225,7.39,2160000
992,MH,1822395,138,654,7.27,2200000
993,RJ,2340709,124,929,6.96,2210000
994,RJ,2161992,113,1201,7.09,2030000
995,MH,2731307,239,57,8.88,2730000
996,AP,2424259,125,988,7.15,2420000
997,RJ,1834106,106,1003,7.05,1930000
998,MH,2591580,178,372,7.46,2410000
999,AP,1873934,90,1222,7.09,2390000
1000,HR,3565827,154,782,6.94,2790000
1001,UP,3301420,111,1527,7.21,2750000
1002,MH,2892808,201,302,8.09,2910000
1003,CG,2516972,63,1407,6.52,2130000
1004,MH,2412594,174,463,8.01,2280000
1005,DL,2519737,139,1828,6.96,2770000
1006,JH,2876052,66,1423,6.72,2320000
1007,CG,2561331,73,1689,6.54,2220000
1008,WB,3246589,96,1976,6.15,2230000
1009,MP,3371758,155,663,7.0,2530000
1010,UP,2383925,70,1347,7.06,2220000
1011,AP,2933972,128,2033,6.98,2420000
1012,AP,3339978,178,591,7.2,2770000
1013,GJ,2565417,130,881,7.51,2260000
1014,HR,2466064,109,960,6.93,2390000
1015,MH,2796400,188,709,6.86,1940000
1016,MH,1947656,160,608,7.84,2110000
1017,MH,3479644,213,239,8.22,2930000
1018,CG,1919138,55,2190,7.08,2230000
1019,BR,2851968,79,1436,7.05,2820000
1020,UP,3422518,110,1250,7.48,3280000
1021,BR,3369329,76,1691,6.95,2370000
1022,WB,3063973,95,1187,6.54,2670000
1023,KA,1753874,87,1187,7.15,2030000
1024,MH,2393066,169,780,7.67,2470000
1025,KE,2018543,63,1766,6.47,2120000
1026,DL,3063073,178,434,7.34,2420000
1027,MH,3173886,226,309,7.56,2170000
1028,MH,1972073,155,778,8.27,2590000
1029,RJ,2092516,97,2048,7.14,2060000
1030,MP,2689376,127,1768,7.18,2750000
1031,DL,2494207,146,625,6.95,1970000
1032,BR,2179881,61,1847,7.02,2300000
1033,MH,3349437,255,75,8.1,2670000
1034,MH,2599902,202,192,7.75,2430000
1035,AP,2203790,111,1366,6.76,2130000
1036,MP,2502234,106,1160,7.11,2170000
1037,HR,2598023,102,1378,6.37,2510000
1038,HR,2086802,77,1312,6.93,1810000
1039,AP,1964964,104,1043,7.13,2260000
1040,MH,1368567,95,1332,7.28,2110000
1041,MH,1794197,151,538,7.72,2240000
1042,AP,2320899,138,1180,6.58,2120000
1043,MP,1998164,100,1759,7.22,2330000
1044,UP,2098285,80,1497,6.91,2260000
1045,TL,1880037,116,1026,6.44,1650000
1046,WB,1272890,54,1471,6.74,1790000
1047,KE,2255124,72,1571,6.26,2360000
1048,MH,2461557,212,178,7.67,2340000
1049,UP,2580939,79,1473,7.06,2540000
1050,MH,2442174,189,399,7.87,2680000
1051,AP,1575896,91,1134,6.68,2020000
1052,AP,2754501,139,1153,7.16,2370000
1053,MH,2204881,162,535,7.43,2260000
1054,MH,3054742,202,228,7.72,3050000
1055,HR,2916025,116,2691,6.38,2350000
1056,MH,2228337,201,390,7.98,2830000
1057,MH,2363122,177,524,7.29,2370000
1058,MH,2845113,219,210,7.74,2470000
1059,KA,2466628,104,1128,6.82,2110000
1060,MP,2360730,90,1272,6.77,2220000
1061,AP,2624849,153,629,7.73,2500000
1062,MH,2902863,232,106,8.6,2410000
1063,MH,2823080,226,193,8.04,2270000
1064,GJ,2352916,157,745,6.86,2200000
1065,KE,2253899,71,1536,6.42,2160000
1066,RJ,1892192,81,1751,7.32,2040000
1067,KA,3379906,163,760,6.82,2280000
1068,AP,2034347,108,1071,7.29,2220000
1069,UP,2533229,86,2679,6.73,2320000
1070,UP,2566459,81,2741,6.53,2110000
1071,UP,3260302,123,1405,7.71,2650000
1072,AP,3658144,170,445,7.18,2500000
1073,AP,1928773,107,1068,6.86,2140000
1074,MH,3442719,196,351,8.13,2610000
1075,WB,2342930,74,2659,6.35,2290000
1076,HP,2532755,58,1505,6.47,2470000
1077,HR,2460346,113,1009,6.35,2360000
1078,MH,2297779,172,484,7.44,2320000
1079,HR,2517333,89,1334,7.04,2420000
1080,AP,2508896,128,896,6.89,1960000
1081,HR,2212465,104,1337,6.89,2630000
1082,MH,2259173,196,315,7.32,2310000
1083,MH,2390680,179,522,7.37,2480000
1084,MP,2103823,79,1691,6.61,2440000
1085,NE,3405129,83,1846,6.39,1930000
1086,AP,1797437,101,1376,7.2,1830000
1087,BR,2035859,52,2564,6.36,2390000
1088,AP,2892247,158,626,6.81,2230000
1089,BR,2754949,66,1462,6.42,2480000
1090,KA,2130395,91,2403,6.86,1810000
1091,AP,2885590,138,1083,7.15,2670000
1092,AP,3155941,173,438,7.99,3050000
1093,CG,1928694,51,1615,6.29,1940000
1094,HR,3044765,129,794,7.02,2660000
1095,MH,2000028,173,455,7.23,1870000
1096,AP,3012514,172,398,7.7,2670000
1097,GJ,2669346,150,547,6.09,2320000
1098,UP,3793640,102,1752,6.72,3460000
1099,AP,3401762,170,541,8.04,2670000
1100,UP,2905607,85,1498,6.66,2680000
1101,MH,1887877,149,585,7.92,2040000
1102,MH,3163077,211,148,8.41,3180000
1103,MH,3334195,260,39,7.88,2830000
1104,MH,2109473,185,417,7.62,2040000
1105,MH,2791476,225,170,7.8,2770000
1106,AP,1862484,102,1541,7.05,1940000
1107,AP,3165325,136,877,7.97,2480000
1108,GJ,3210240,140,628,7.3,2580000
1109,BR,3036658,76,2184,6.82,2690000
1110,KA,2727762,107,1812,5.97,2040000
1111,AP,2735847,113,906,7.0,2630000
1112,HP,2171932,51,2107,6.5,1770000
1113,MH,2706305,208,165,7.66,2560000
1114,MH,2247736,165,580,7.39,2650000
1115,MH,1639202,151,543,7.45,2070000
1116,MP,2656690,109,1409,7.17,2900000
1117,HR,1911641,91,2003,6.27,2160000
1118,MH,2041171,171,389,7.32,2040000
1119,TN,1642510,78,1808,6.98,1890000
1120,MH,2597136,247,52,8.2,2580000
1121,KA,2394107,105,1328,7.15,2040000
1122,MH,2373416,200,208,7.65,2200000
1123,UP,1864544,67,2308,6.21,2110000
1124,BR,2378618,61,1527,6.3,1980000
1125,MH,2593009,199,309,7.53,2690000
1126,MH,2352782,196,368,7.59,2530000
1127,HR,2698920,119,1723,6.55,2280000
1128,MH,2230203,167,793,7.11,2780000
1129,MH,2748353,237,91,7.91,2360000
1130,UP,2298784,100,1059,6.45,2380000
1131,MH,2085141,176,543,7.64,2290000
1132,GJ,2923363,168,743,6.32,2610000
1133,MH,2191624,183,331,7.73,2240000
1134,UP,2355327,87,1835,6.71,2240000
1135,MH,3125926,245,48,8.54,2940000
1136,MH,2819642,202,224,7.46,2490000
1137,RJ,2411870,128,1157,6.79,2430000
1138,MH,2540315,192,441,7.6,2880000
1139,KA,2285970,99,1248,7.25,2240000
1140,MP,2426390,87,1580,7.19,2410000
1141,NE,2447010,54,1658,6.05,2300000
1142,MH,2995841,212,272,7.45,2450000
1143,MH,2011193,162,488,7.16,2650000
1144,MH,2645436,204,213,7.42,2200000
1145,AP,2268518,94,1277,7.32,2340000
1146,MH,2328494,192,626,7.39,2140000
1147,WB,3103151,95,1213,7.01,2850000
1148,MH,3255695,247,70,8.52,2790000
1149,GJ,2048109,109,1024,6.97,2020000
1150,GJ,1926029,115,989,7.34,1800000
1151,CG,1940964,54,4630,6.49,2540000
1152,MH,2887612,231,181,7.46,2250000
1153,MH,2945480,185,459,8.21,2930000
1154,CG,1604639,37,2620,6.29,2030000
1155,GJ,1841557,100,2027,6.88,2020000
1156,WB,2150952,67,2118,6.47,2400000
1157,WB,1209499,37,1527,6.26,1820000
1158,BR,2515099,71,1541,6.03,2560000
1159,MH,2503864,207,212,7.53,2350000
1160,AP,2330713,117,1020,7.46,2650000
1161,GJ,2506045,124,1348,7.49,2930000
1162,MH,1971238,145,884,7.04,1970000
1163,CG,3065286,71,1355,6.38,2890000
1164,MP,2854741,112,1117,7.16,2640000
1165,MH,3108815,291,12,8.63,2830000
1166,UP,2778870,101,2359,6.57,2580000
1167,GJ,2427135,142,1058,6.83,2670000
1168,AP,2637392,138,754,6.9,2690000
1169,TN,3286249,131,925,6.6,2330000
1170,MP,2187789,92,1470,7.55,2470000
1171,WB,2065433,65,2132,7.0,1990000
1172,MH,2624521,203,253,8.08,2520000
1173,MH,2199006,130,754,7.9,2100000
1174,AP,2269416,132,1470,7.09,2310000
1175,UP,1960532,66,1949,6.57,2080000
1176,KE,2872662,91,2019,6.5,1970000
1177,UP,1928498,62,3053,6.85,2350000
1178,KA,1821151,94,1365,6.61,2380000
1179,KE,2609981,82,1439,6.45,2760000
1180,UP,2451220,82,1259,6.63,2350000
1181,UP,2647878,86,2739,6.49,2350000
1182,BR,2751890,75,1899,6.7,2410000
1183,KA,3156936,132,749,7.15,3220000
1184,MH,1758003,158,473,7.66,1960000
1185,MH,3235799,242,49,7.74,2840000
1186,MP,2540611,92,1182,6.94,2270000
1187,MH,2319933,183,368,7.85,2460000
1188,AP,2329922,118,1104,6.39,2110000
1189,MH,2888723,209,212,7.22,2700000
1190,AP,1866037,90,1177,7.75,2170000
1191,MH,2193255,210,221,8.23,2810000
1192,KA,2471422,94,1980,6.57,2030000
1193,MH,2617820,181,672,7.47,2350000
1194,MH,2650126,228,97,7.57,3040000
1195,MH,2445830,169,384,7.85,2490000
1196,GJ,2511870,140,838,7.51,2430000
1197,MH,2435445,193,267,8.28,2780000
1198,WB,3335744,98,1121,6.08,2640000
1199,MP,3440394,140,830,6.96,3030000
1200,MH,2617710,195,565,6.4,2320000
1201,MH,3065237,219,132,8.28,2960000
1202,UP,3389891,109,2945,6.64,2460000
1203,AP,2382007,95,1916,6.88,1960000
1204,MH,3001900,241,57,7.96,2360000
1205,OD,2805981,61,1810,7.24,2510000
1206,MH,2780123,213,149,7.77,2230000
1207,JH,2064587,48,4495,6.42,1660000
1208,NE,2053062,57,1691,6.38,2010000
1209,MH,1811228,159,792,8.5,2370000
1210,UP,887206,35,6222,6.27,1520000
1211,MH,2935283,250,54,8.37,3000000
1212,MH,3427220,229,155,8.06,3080000
1213,AP,2878166,141,720,7.76,3110000
1214,KA,3409922,147,1259,6.97,2640000
1215,MH,1922968,129,804,7.44,2320000
1216,MH,2391900,197,299,7.54,2320000
1217,MH,3086765,237,88,8.21,2940000
1218,MH,2110224,167,453,6.94,2250000
1219,KE,1538440,47,1845,6.37,1720000
1220,UP,2475655,88,1647,6.79,2570000
1221,KA,2448467,107,1369,6.29,1860000
1222,MH,3181069,263,25,8.76,2680000
1223,BR,2099570,44,1770,6.37,1770000
1224,AP,1997499,103,1188,6.52,2150000
1225,JK,1408066,28,2098,6.54,1790000
1226,MH,2157898,147,1348,7.6,2200000
1227,NE,2326681,57,2617,6.08,1930000
1228,JH,3406100,74,1494,6.76,2590000
1229,MH,2245605,196,514,7.84,2400000
1230,MH,2842159,173,844,7.42,2610000
1231,MP,1534127,66,1943,6.69,1930000
1232,WB,3269318,91,1642,5.73,2530000
1233,BR,2825448,68,2640,6.53,2440000
1234,KA,2573099,124,1161,7.14,2510000
1235,MH,1960923,171,527,7.4,2090000
1236,CG,2054019,48,2368,7.12,2180000
1237,HR,2798903,121,1285,6.58,2550000
1238,GJ,2581040,145,604,7.72,2640000
1239,MP,3241073,108,1246,7.1,2150000
1240,KA,2132199,104,2260,6.69,1900000
1241,MH,1909794,162,801,7.44,2290000
1242,BR,3064910,86,1521,6.97,2350000
1243,TN,2850873,104,1153,6.32,2570000
1244,JH,3073847,65,2247,7.63,2560000
1245,HR,1525751,64,2205,6.84,1720000
1246,MP,1976984,93,1132,6.24,1940000
1247,AP,2959937,151,547,6.88,2670000
1248,BR,1940665,50,2047,6.53,2060000
1249,MH,1704967,144,701,7.21,2490000
1250,MH,2212784,174,496,7.97,2350000
1251,RJ,3001609,141,865,6.78,2750000
1252,MH,2928704,236,71,8.65,2380000
1253,MH,2511761,209,340,7.79,2720000
1254,GJ,2406507,134,705,6.81,2480000
1255,OD,2401978,58,3056,6.22,2280000
1256,MH,3359355,248,96,8.57,2870000
1257,HP,2170533,43,3971,6.64,2410000
1258,AP,2922149,147,855,7.15,2100000
1259,BR,3684269,84,3830,6.54,2540000
1260,MH,2327675,226,146,8.14,2640000
1261,MH,2073694,173,609,8.16,2030000
1262,HR,2597103,107,1097,6.07,1810000
1263,MH,2481517,204,221,7.29,2670000
1264,MH,2272271,191,293,7.86,2240000
1265,MP,2545749,102,1128,7.03,2060000
1266,MP,3270834,122,1503,6.52,2070000
1267,AP,2896596,147,755,7.02,2460000
1268,MH,2913697,236,74,8.33,2940000
1269,MH,2826383,203,205,8.73,3300000
1270,CG,2974150,70,1603,7.03,2380000
1271,DL,2401660,117,1202,6.72,1930000
1272,GJ,2669744,136,757,6.61,2210000
1273,MH,2793863,204,249,8.14,2510000
1274,MH,793977,80,3512,7.19,1400000
1275,MH,1923795,158,555,7.07,2480000
1276,HP,2898453,68,1454,6.41,2240000
1277,AP,1749578,105,1066,6.99,1470000
1278,TN,2494410,109,1994,6.69,2300000
1279,MH,2845772,255,51,8.83,2830000
1280,BR,3089493,81,1556,6.89,2940000
1281,AP,2360167,112,1226,6.84,2270000
1282,KA,2478968,95,1198,6.8,2360000
1283,MP,2366965,85,1285,7.33,2310000
1284,WB,2978529,81,1414,6.5,1940000
1285,MH,1818848,147,701,7.69,2170000
1286,NE,2238162,50,1668,6.73,2320000
1287,WB,2668157,78,1954,6.72,2450000
1288,GJ,2928153,140,718,6.54,2240000
1289,MH,1806200,141,625,7.7,1980000
1290,GJ,3443858,171,382,7.18,2810000
1291,TN,3064957,99,2095,6.34,2010000
1292,DL,2232483,125,810,6.89,2060000
1293,WB,2765300,81,1936,6.71,2030000
1294,MH,2778756,227,115,8.26,1990000
1295,MH,2567760,197,590,7.51,2900000
1296,MH,1697391,152,565,7.17,1920000
1297,MP,2192440,93,1488,7.15,2070000
1298,MH,2730241,219,126,8.37,2660000
1299,MP,2858263,124,787,7.15,2890000
1300,PB,2432494,69,2306,6.11,2300000
1301,KE,3318360,90,2304,6.28,2810000
1302,KE,2442785,67,1376,7.22,2290000
1303,MH,2766093,198,250,7.88,2930000
1304,UP,2741816,94,1425,6.85,2280000
1305,GJ,2395643,135,1156,6.75,2860000
1306,MH,1694515,140,631,7.45,1820000
1307,MH,2698172,167,536,7.19,2630000
1308,AP,1992176,90,2449,6.78,2170000
1309,GJ,2084119,81,1298,6.5,1920000
1310,BR,2670643,71,1438,6.66,2310000
1311,MH,3226349,281,13,9.43,3210000
1312,PB,2187658,62,1614,7.23,1780000
1313,UP,2972777,80,1775,6.85,2650000
1314,KA,2255903,137,805,6.54,1940000
1315,AP,2578065,151,702,7.26,2370000
1316,MH,3012522,265,26,8.02,2990000
1317,BR,2658613,77,1436,7.47,2330000
1318,DL,1602154,116,1761,6.81,2040000
1319,MP,2398659,99,1897,6.59,2320000
1320,MH,3583600,291,7,8.78,2670000
1321,MH,3996958,283,20,8.25,3500000
1322,MH,2035893,139,2052,7.6,2480000
1323,UP,2567738,75,1723,7.11,2100000
1324,DL,1919537,113,1464,6.67,1890000
1325,GJ,3011887,158,475,6.87,2450000
1326,MH,1396943,127,865,7.38,1670000
1327,MP,1671451,80,3067,6.98,2150000
1328,AP,3363291,179,757,6.86,2820000
1329,MP,3069015,120,926,6.44,2720000
1330,UP,2228084,72,1507,6.51,2590000
1331,MH,2310463,180,581,7.9,2600000
1332,MH,1937216,178,622,7.85,2190000
1333,MH,3011487,216,214,7.64,2500000
1334,MH,2481697,190,627,7.57,2510000
1335,KE,2909290,88,1833,5.79,2010000
1336,HR,2332112,107,995,6.56,2090000
1337,MH,2091146,159,679,7.49,2630000
1338,MP,2609710,124,1028,7.01,2640000
1339,MH,1858193,149,605,7.31,2230000
1340,MH,2712711,226,144,7.47,2650000
1341,KE,2098816,75,2917,6.46,2450000
1342,KA,2129406,105,1192,7.08,2080000
1343,MH,2019494,163,927,7.09,1960000
1344,UP,1506488,47,3728,7.48,1950000
1345,MH,3179084,264,24,9.05,3570000
1346,MH,1851184,133,699,7.43,2000000
1347,DL,1727271,105,2302,6.28,2130000
1348,MH,2189134,140,1110,7.55,2450000
1349,GJ,2626294,142,1018,7.59,2280000
1350,MH,3381192,237,101,7.93,3240000
1351,MH,3825907,275,22,8.05,2690000
1352,MH,2248044,207,194,8.88,2440000
1353,MH,2428246,216,238,8.34,2750000
1354,MP,2582324,107,1307,6.95,2710000
1355,JH,3041358,65,2037,6.62,2370000
1356,MP,2576152,114,954,6.72,2160000
1357,UK,2101884,54,2008,6.39,1940000
1358,RJ,2980130,137,1197,6.42,2530000
1359,MH,2196877,167,425,7.26,2090000
1360,MH,2813589,240,218,8.32,3130000
1361,UK,2784796,81,1672,6.38,2550000
1362,MH,2955485,180,496,7.01,2530000
1363,MH,3237361,294,7,9.34,2840000
1364,GJ,2287040,123,1024,7.19,2350000
1365,MH,1852171,164,918,7.49,2170000
1366,CG,2750830,69,2896,6.36,1990000
1367,MH,2506202,202,374,7.93,2960000
1368,MP,2815520,108,2029,6.99,2650000
1369,UP,2257171,69,1362,6.71,2420000
1370,AP,2642115,112,2251,7.72,2860000
1371,KA,1982167,99,1199,6.57,2150000
1372,MH,2056003,162,461,7.33,2360000
1373,MH,2653996,204,274,8.6,2550000
1374,MH,3249205,277,36,8.09,2830000
1375,MH,2526801,180,381,8.91,2260000
1376,MH,2182379,200,241,6.94,1980000
1377,MH,2499561,187,347,7.92,2620000
1378,UK,2324128,71,2117,6.44,2500000
1379,UP,3253701,94,1636,5.95,2320000
1380,MH,2195363,200,371,7.62,2330000
1381,MH,2131400,201,332,6.72,2320000
1382,UP,2767960,85,1983,6.85,2450000
1383,MH,2394807,180,516,7.8,2690000
1384,MH,1315455,107,1488,7.17,2040000
1385,PB,3120702,86,2484,6.54,2040000
1386,MH,2047027,176,398,8.22,2520000
1387,MH,3064755,245,52,8.93,2350000
1388,UK,2630622,70,3698,6.16,2360000
1389,UP,2837544,71,4026,6.25,2710000
1390,AP,2721111,120,1067,6.6,2610000
1391,TN,1754383,62,2327,6.25,1830000
1392,GJ,2023001,115,1131,7.06,1950000
1393,RJ,2388155,119,1532,6.98,2650000
1394,MP,2225029,88,1516,6.48,2310000
1395,BR,2230471,52,2496,6.54,2080000
1396,AP,2730392,158,517,7.2,2260000
1397,MH,3110937,256,35,8.65,2760000
1398,MH,2305496,142,1229,6.57,2890000
1399,MH,1937601,159,631,7.78,2300000
1400,GJ,3050203,136,1090,6.98,1900000
1401,UP,2749368,103,2116,6.75,2200000
1402,MH,2377734,205,180,7.52,2560000
1403,MP,2578486,102,1144,7.51,2720000
1404,AP,2098614,97,1137,7.13,2600000
1405,HR,2576779,107,1534,6.84,2480000
1406,MH,3507138,238,65,8.95,2400000
1407,HR,2162675,80,2217,6.95,2260000
1408,KE,2589140,70,1407,6.66,2210000
1409,MH,1891099,175,889,7.08,2150000
1410,BR,2346691,61,2165,6.99,2460000
1411,TN,2750299,99,1194,6.96,2020000
1412,CG,2834028,72,1807,6.22,2230000
1413,MH,2527113,192,559,6.99,2370000
1414,MH,3059656,208,186,8.02,2980000
1415,MP,2091340,96,1773,6.8,2290000
1416,MH,2373289,157,620,7.29,2050000
1417,UP,2478452,92,1374,6.74,2190000
1418,BR,2766789,82,1918,6.54,2310000
1419,MP,2605680,99,1249,6.93,2280000
1420,BR,2120965,56,2514,6.53,2010000
1421,MP,2385872,101,1082,7.4,2290000
1422,DL,1435992,78,1399,6.87,1760000
1423,AP,2555561,127,850,6.81,2280000
1424,KA,1689596,60,3490,6.28,1740000
1425,TN,2887046,118,1287,7.24,2730000
1426,MH,2477194,195,274,7.45,2250000
1427,BR,3204697,82,1698,6.51,2400000
1428,UP,1854545,60,4856,7.05,2060000
1429,UP,2293513,77,1828,6.9,2080000
1430,AP,2051944,100,1134,7.05,2180000
1431,MP,2842554,110,1340,6.46,2250000
1432,MH,2254399,226,139,8.15,2670000
1433,MH,2038405,176,453,7.12,1990000
1434,OD,2411546,63,1977,7.07,2350000
1435,MH,2037371,193,264,7.76,2460000
1436,RJ,2550497,123,1475,6.74,2540000
1437,MH,2122390,183,399,7.77,2530000
1438,GJ,2512778,130,1748,6.21,2150000
1439,AP,2644154,128,1491,7.26,2200000
1440,MH,2269527,162,531,7.28,2690000
1441,MH,2459599,190,273,7.62,2700000
1442,WB,2896946,87,2043,7.42,2670000
1443,MH,2269081,210,393,8.26,2950000
1444,MH,2346238,203,216,8.04,2530000
1445,UP,3280845,115,1138,6.4,2400000
1446,GA,3058711,84,1814,6.08,1940000
1447,BR,2823796,64,1519,7.03,2200000
1448,BR,2880430,67,1609,6.97,2350000
1449,NE,2102300,52,2430,6.39,2110000
1450,AP,3048823,150,532,7.09,2500000
1451,WB,2781670,76,1342,6.74,2550000
1452,AP,2910847,166,728,7.75,2650000
1453,DL,2314117,143,662,6.55,2270000
1454,MH,2299815,191,433,7.52,2460000
1455,AP,3124940,157,582,7.49,2760000
1456,UP,2002866,60,1800,6.83,2170000
1457,AP,2718177,134,920,7.55,2640000
1458,WB,2407092,65,1696,6.45,2230000
1459,MH,2140187,142,772,7.18,2260000
1460,MH,1926408,145,784,7.07,2250000
1461,DL,2510831,126,1383,6.4,2450000
1462,PB,2039258,56,2511,7.22,2270000
1463,MH,2445069,173,525,7.74,2670000
1464,AP,2319420,127,902,6.66,2440000
1465,MH,2849262,218,146,7.76,2010000
1466,KA,2688340,118,1092,6.46,2110000
1467,MH,2325819,221,155,7.96,2700000
1468,MP,2526252,111,1301,6.72,2370000
1469,MH,3131210,224,108,7.99,2950000
1470,MP,1579224,71,3063,6.72,1880000
1471,DL,2734467,150,785,7.08,2270000
1472,UP,1443669,56,1607,6.86,1830000
1473,BR,2337942,59,2911,6.7,1970000
1474,UP,2488060,80,1490,6.96,2410000
1475,AP,2362669,134,1827,6.52,2370000
1476,MP,1803325,72,1932,6.72,2280000
1477,MH,2881472,202,228,7.58,2410000
1478,GJ,2454700,140,620,6.79,2430000
1479,AP,2098327,120,1135,6.5,1830000
1480,OD,2461926,65,1992,6.18,2170000
1481,UP,2844950,108,1998,6.35,2460000
1482,GA,2545060,84,1443,6.03,2000000
1483,MH,3048780,259,34,8.31,2570000
1484,TN,3031830,143,706,6.06,2740000
1485,MH,2216431,210,187,8.0,2120000
1486,MH,2019072,138,684,7.14,2020000
1487,KA,2139902,110,1039,6.87,2270000
1488,GJ,3032744,155,690,6.56,2940000
1489,JK,2830151,46,1554,6.11,2350000
1490,MP,1849854,75,1830,6.79,1720000
1491,MH,2621922,212,262,7.97,2490000
1492,MH,2352230,169,458,7.86,2570000
1493,GJ,2724808,143,1028,6.77,2440000
1494,MH,2788977,250,51,8.22,2850000
1495,MH,2421113,192,595,7.5,2060000
1496,BR,3371959,84,2332,6.38,2910000
1497,AP,2193412,112,1165,7.73,2770000
1498,GJ,2427495,146,769,6.81,2460000
1499,MH,2608313,201,213,8.08,2560000
